University Name,State,Country,Course Name,Average Fees (Per Year),Currency
"Northeastern University, Boston",Massachusetts,United States,MPH in Public Health,38100.0,USD
"Texas A&M University, College Station",Texas,United States,Masters in Public Health,15492.0,USD
University of Southern California,California,United States,Masters in Public Health,53403.0,USD
The University of Texas at Arlington,Texas,United States,Masters in Public Health,23486.0,USD
New York University,New York,United States,Masters in Public Health,46529.0,USD
New York University,New York,United States,MPH in Epidemiology,51267.0,USD
San Jose State University,California,United States,MPH in Public Health,20664.0,USD
University of Illinois at Chicago,Illinois,United States,MPH in Public Health,29256.0,USD
"University of Maryland, College Park",Maryland,United States,MPH in Epidemiology,41513.0,USD
"The University of British Columbia, Vancouver",British Columbia,Canada,Masters in Public Health,20525.0,CAD
"The University of British Columbia, Vancouver",British Columbia,Canada,MSc in Population and Public Health,9313.0,CAD
Arizona State University,Arizona,United States,MA in Global Health,23160.0,USD
University of North Carolina at Charlotte,North Carolina,United States,MPH in Public Health,24525.0,USD
"University of Michigan, Ann Arbor",Michigan,United States,Masters in Public Health,103410.0,USD
Illinois Institute of Technology,Illinois,United States,Masters in Dental Public Health,,USD
University of Florida,Florida,United States,Masters in Public Health,32684.0,USD
Columbia University,New York,United States,MPH in Public Health,45214.0,USD
University of Illinois at Urbana-Champaign,Illinois,United States,MPH in Public Health,32760.0,USD
"University of California, Berkeley",California,United States,Masters in Public Health,23944.0,USD
Pennsylvania State University,Pennsylvania,United States,Masters in Public Health,65806.0,USD
"University of California, Los Angeles",California,United States,MPH in Public Health for Health Professionals,38024.0,USD
"University of Minnesota, Twin Cities",Minnesota,United States,MPH in Public Health - Epidemiology,34920.0,USD
University of Pennsylvania,Pennsylvania,United States,Masters in Public Health,33978.0,USD
University of Washington,Washington,United States,MPH in Global Health,41331.0,USD
"Rutgers University, New Brunswick",New Jersey,United States,Masters in Public Health,33390.0,USD
University of Toronto,Ontario,Canada,MPH in Public Health,30195.0,CAD
Virginia Tech,Virginia,United States,MPH in Public Health,35805.0,USD
Stony Brook University,New York,United States,Masters in Public Health,27540.0,USD
University of Cincinnati,Ohio,United States,Masters in Public Health,27993.0,USD
University of Waterloo,Ontario,Canada,MSc in Public Health Sciences,25537.0,CAD
University of Waterloo,Ontario,Canada,Masters in Public Health,32478.0,CAD
University of Massachusetts Amherst,Massachusetts,United States,MPH in Public Health: Epidemiology,31122.0,USD
Cornell University,New York,United States,MPH in Public Health,42688.0,USD
University of South Florida,Florida,United States,MPH in Public Health,18501.0,USD
University of South Florida,Florida,United States,MS in Public Health,19733.0,USD
University of Wisconsin-Madison,Wisconsin,United States,MPH in Public Health,25578.0,USD
"University of California, Davis",California,United States,MPH in Public Health,27366.0,USD
Michigan State University,Michigan,United States,Masters in Public Health,,USD
McGill University,Montreal,Canada,MSc in Public Health,28362.0,CAD
San Diego State University,California,United States,Masters in Public Health and Social Work,,USD
San Diego State University,California,United States,Masters in Public Health,,USD
Ohio State University,Ohio,United States,MPH in Public Health,43428.0,USD
Georgia State University,Georgia,United States,Masters in Public Health,27006.0,USD
"California State University, Fullerton",California,United States,Masters in Public Health,23112.0,USD
"California State University, Long Beach",California,United States,Masters in Public Health,20223.0,USD
George Mason University,Virginia,United States,Masters in Public Health,32403.0,USD
George Mason University,Virginia,United States,MS in Global Health,32130.0,USD
University of Alberta,Alberta,Canada,MPH in General Public Health,15120.0,CAD
Clemson University,South Carolina,United States,Masters in Public Health,,USD
University of Arizona,Arizona,United States,Masters in Public Health,37674.0,USD
Boston University,Massachusetts,United States,Masters in Public Health,71964.0,USD
Iowa State University,Iowa,United States,Masters in Public Health,,USD
Harvard University,Massachusetts,United States,MPH in Public Health,69300.0,USD
"California State University, Los Angeles",California,United States,MPH in Public Health,11025.0,USD
Johns Hopkins University,Maryland,United States,Masters in Public Health,82440.0,USD
University of Ottawa,Ottawa,Canada,Masters in Public Health,31579.0,CAD
University of North Carolina at Chapel Hill,North Carolina,United States,Masters in Public Health,41937.0,USD
University of North Carolina at Chapel Hill,North Carolina,United States,MS in Public Health Leadership,36824.0,USD
Simon Fraser University,British Columbia,Canada,Masters in Public Health,7659.0,CAD
Cleveland State University,Ohio,United States,MPH in Public Health,23128.0,USD
"University of Michigan, Dearborn",Michigan,United States,Masters in Public Health,53084.0,USD
Queen's University,Kingston,Canada,MPH in Public Health,29346.0,CAD
"California State University, Sacramento",California,United States,MS in Public Health,13650.0,USD
University of Pittsburgh,Pennsylvania,United States,Masters in Community Based Public Health and Health Equity,,USD
University of Pittsburgh,Pennsylvania,United States,MS in  Health Services Research and Policy,49662.0,USD
University of Pittsburgh,Pennsylvania,United States,MPH in Behavioral and Community Health Sciences,49662.0,USD
University of Pittsburgh,Pennsylvania,United States,MPH in Epidemiology,51400.0,USD
Oklahoma State University - Stillwater,Oklahoma,United States,MPH in Public Health,18459.0,USD
McMaster University,Hamilton,Canada,MPH in Public Health,50119.0,CAD
McMaster University,Hamilton,Canada,M.Sc in Health Research Methodology,15468.0,CAD
The George Washington University,District of Columbia,United States,MPH in Public Health - Epidemiology,41288.0,USD
The George Washington University,District of Columbia,United States,Masters in Public Health - Global Health Epidemiology and Disease Control,41288.0,USD
The George Washington University,District of Columbia,United States,Masters in Public Health Communication and Marketing,,USD
Oregon State University,Oregon,United States,MPH in Public Health,31523.0,USD
Oregon State University,Oregon,United States,Masters in Public Health,36026.0,USD
Indiana University - Purdue University Indianapolis,Indiana,United States,MPH in Public Health,24368.0,USD
University of Virginia,Virginia,United States,Masters in Public Health,33246.0,USD
Yale University,Connecticut,United States,MPH in Public Health,51895.0,USD
Northern Illinois University,Illinois,United States,MPH in Public Health,18791.0,USD
"California State University, Northridge",California,United States,MPH in Public Health,16884.0,USD
University of Colorado at Denver,Colorado,United States,MPH in Public Health,29820.0,USD
Florida State University,Florida,United States,Masters in Public Health,23865.0,USD
University of New Haven,Connecticut,United States,Masters in Public Health,22155.0,USD
University of Connecticut,Connecticut,United States,Masters in Public Health,55296.0,USD
"California State University, Fresno",California,United States,Masters in Public Health,20223.0,USD
State University of New York (Albany),New York,United States,MPH in Public Health,22095.0,USD
University of Victoria,British Columbia,Canada,Masters in Public Health,7917.0,CAD
Drexel University,Pennsylvania,United States,Masters in Public Health,80100.0,USD
The University of Melbourne,Victoria,Australia,MPH in Public Health,56941.0,AUD
The University of Chicago,Illinois,United States,MS in Precision Health,64720.0,USD
Kansas State University,Kansas,United States,Masters in Public Health,,USD
San Francisco State University,California,United States,MPH in Community Health Education,24413.0,USD
Lakehead University,Thunder Bay,Canada,Masters in Public Health,23001.0,CAD
Wright State University,Ohio,United States,Masters in Public Health,23625.0,USD
Brown University,Rhode Island,United States,Masters in Public Health,45594.0,USD
University of Massachusetts Lowell,Massachusetts,United States,MPH in Public Health,32319.0,USD
West Virginia University,West Virginia,United States,MPH in Public Health,37186.0,USD
Wayne State University,Michigan,United States,Masters in Public Health,,USD
University of Illinois at Springfield,Illinois,United States,Masters in Public Health - Environmental Health,46107.0,USD
University of Illinois at Springfield,Illinois,United States,Masters in Public Health - General,16344.0,USD
Kent State University,Ohio,United States,Masters in Public Health,24495.0,USD
Case Western Reserve University,Ohio,United States,MS in Public Health Nutrition,33821.0,USD
Florida International University,Florida,United States,Masters in Public Health,22545.0,USD
University of Alabama at Birmingham,Alabama,United States,MS in Public Health-Applied Epidemiology,37137.0,USD
University of Alabama at Birmingham,Alabama,United States,MPH in Public Health: Environmental Health,27654.0,USD
University of Iowa,Iowa,United States,MPH in Community and Behavioral Health,32158.0,USD
Texas A&M University - Corpus Christi,Texas,United States,Masters in Public Health,15276.0,USD
Western University,Ontario,Canada,Masters in Public Health,59700.0,CAD
Western University,Ontario,Canada,MPH in Public Health,59510.0,CAD
University of Saskatchewan,Saskatchewan,Canada,Masters in Public Health,17584.0,CAD
Washington University in St. Louis,Missouri,United States,Masters in Public Health,42640.0,USD
DePaul University,Illinois,United States,MS in Public Health,21982.0,USD
"University of Missouri, Columbia",Missouri,United States,Masters in Public Health,,USD
The University of New South Wales,New South Wales,Australia,MPH in Public Health,47455.0,AUD
The University of New South Wales,New South Wales,Australia,Masters in International Public Health,48280.0,AUD
Imperial College London,London,United Kingdom,Masters in Public Health,43250.0,GBP
University of Montreal,Montreal,Canada,MSc in Public Health,33939.0,CAD
Monash University,Victoria,Australia,Masters in Public Health,49900.0,AUD
University of Wisconsin-Milwaukee,Wisconsin,United States,MPH in Biostatistics,30820.0,USD
Western Michigan University,Michigan,United States,Masters in Public Health,,USD
The University of Kansas,Kansas,United States,MPH in Public Health,20782.0,USD
University of Texas at San Antonio,Texas,United States,Masters in Public Health,,USD
University of Manitoba,Manitoba,Canada,MPH in Public Health,38982.0,CAD
Lamar University,Texas,United States,Masters in Public Health,,USD
University of Georgia,Georgia,United States,MPH in Public Health,23672.0,USD
University of Georgia,Georgia,United States,Masters in Public Health Policy and Management,,USD
Memorial University of Newfoundland,Newfoundland & Labrador,Canada,MPH in Public Health,9666.0,CAD
Memorial University of Newfoundland,Newfoundland & Labrador,Canada,MPH in Public Health - Population/Public Health Stream,6654.0,CAD
University of Tennessee at Knoxville,Tennessee,United States,MPH in Public Health,21231.0,USD
Tufts University,Massachusetts,United States,MPH in Public Health,42630.0,USD
Deakin University,Victoria,Australia,Masters in Public Health,39800.0,AUD
"Deakin University, Melbourne",Victoria,Australia,Masters in Applied Science,40800.0,AUD
Northern Arizona University,Arizona,United States,MPH in Public Health - Health Promotion,30338.0,USD
Northern Arizona University,Arizona,United States,MPH in Nutrition,27940.0,USD
Temple University,Pennsylvania,United States,Masters in Public Health in Epidemiology,31941.0,USD
"Southern Illinois University, Carbondale",Illinois,United States,Masters in Public Health,,USD
Central Michigan University,Michigan,United States,MPH in Public Health,22968.0,USD
Ludwig Maximilian University of Munich,Bavaria,Germany,Masters in Public Health,,EUR
The University of Sydney,New South Wales,Australia,MPH in Public Health,54000.0,AUD
Louisiana State University,Louisiana,United States,Masters in Public Health,,USD
University of New Hampshire,New Hampshire,United States,Masters in Public Health,12110.0,USD
Dresden University of Technology,Sohag,Germany,Masters in Public Health,,EUR
The University of Edinburgh,Edinburgh,United Kingdom,Masters in Public Health,28800.0,GBP
University of Glasgow,Glasgow City,United Kingdom,Masters in Public Health,27930.0,GBP
University College London,London,United Kingdom,MSc in Dental Public Health,32100.0,GBP
University of Guelph,Ontario,Canada,MPH in Public Health,29947.0,CAD
Ohio University,Ohio,United States,Masters in Public Health,41743.0,USD
Ohio University,Ohio,United States,Masters in Public Health,,USD
Laval University,Quebec,Canada,M. Sc in Public Health Environmental Health,15224.0,CAD
Laval University,Quebec,Canada,M. Sc in Public Health Global Health,15224.0,CAD
Laval University,Quebec,Canada,M.Sc in Public Health,15224.0,CAD
Laval University,Quebec,Canada,M. Sc. in Public Health Health Promotion,15224.0,CAD
Vanderbilt University,Tennessee,United States,Masters in Public Health-Epidemiology,33074.0,USD
The University of Queensland,Queensland,Australia,Masters in Public Health,44960.0,AUD
"California State University, San Bernardino",California,United States,MPH in Public Health,20664.0,USD
North Dakota State University,North Dakota,United States,Masters in Public Health,,USD
California Polytechnic State University,California,United States,Masters in Public Health,,USD
Australian National University,Australian Capital Territory,Australia,Masters in Public Health,49330.0,AUD
Australian National University,Australian Capital Territory,Australia,Masters in Culture Health and Medicine,48005.0,AUD
"California State Polytechnic University, Pomona",California,United States,Masters in Public Health,,USD
Brock University,Ontario,Canada,Masters in Public Health,7834.0,CAD
University of Memphis,Tennessee,United States,MPH in Public Health,20538.0,USD
Bowling Green State University,Ohio,United States,Masters in Public Health,,USD
The University of Adelaide,South Australia,Australia,Masters in Public Health,44500.0,AUD
The University of Alabama,Alabama,United States,Masters in Public Health,,USD
Northeastern Illinois University,Illinois,United States,MPH in Public Health,19467.0,USD
University of Warwick,Coventry,United Kingdom,MPH in Public Health,31750.0,GBP
University of Leeds,Leeds,United Kingdom,MPH in Public Health (International),27500.0,GBP
Curtin University,Western Australia,Australia,Masters in Public Health (Practice),41234.0,AUD
Curtin University,Western Australia,Australia,Masters in Public Health,41234.0,AUD
The University of Auckland,Auckland,New Zealand,Masters in Public Health,48386.0,NZ
University of Miami,Florida,United States,MPH in Public Health,54248.0,USD
Grand Valley State University,Michigan,United States,Masters in Public Health,,USD
Old Dominion University,Virginia,United States,MPH in Public Health,30939.0,USD
University of Technology Sydney,New South Wales,Australia,Masters in  Indigenous Health (Research),19840.0,AUD
"Long Island University, Brooklyn",New York,United States,MPH in Public Health,28392.0,USD
"California State University, San Marcos",California,United States,MPH in Public Health,43895.0,USD
Oakland University,Michigan,United States,Masters in Public Health,,USD
Queensland University of Technology,Queensland,Australia,MPH in Public Health,34400.0,AUD
University of Kentucky,Kentucky,United States,Masters in Public Health,34260.0,USD
King's College London,London,United Kingdom,MSc in Dental Public Health,31080.0,GBP
King's College London,London,United Kingdom,Masters in Public Health,33258.0,GBP
The University of Toledo,Ohio,United States,M.P.H. in Public Health,21041.0,USD
Chemnitz University of Technology,Sohag,Germany,MSc in Public Health - Prevention and Evaluation,1000.0,EUR
"University of Michigan, Flint",Michigan,United States,MPH in Public Health,22260.0,USD
University of Wollongong,New South Wales,Australia,Masters in Public Health,44568.0,AUD
La Trobe University,Melbourne,Australia,Masters in Public Health,38000.0,AUD
"La Trobe University, Melbourne",Victoria,Australia,Masters in Digital Health,36600.0,AUD
The University of Manchester,Manchester,United Kingdom,Masters in Public Health,26000.0,GBP
Freie University of Berlin,Berlin,Germany,Masters in Public Health,,EUR
"University of Nebraska, Omaha",Nebraska,United States,Masters in Public Health,,USD
University of Mississippi,Mississippi,United States,MPH in Public Health,14112.0,USD
Brigham Young University,Utah,United States,MPH in Public Health,23040.0,USD
University of Louisville,Kentucky,United States,MPH in Global Public Health,27114.0,USD
University of Louisville,Kentucky,United States,Masters in Public Health,33075.0,USD
Adelphi University,New York,United States,Masters in Public Health,34088.0,USD
Kennesaw State University,Georgia,United States,Masters in Public Health,,USD
New Mexico State University,New Mexico,United States,Masters in Public Health,,USD
Macquarie University,New South Wales,Australia,Masters in Public Health (1.5 years),39400.0,AUD
Macquarie University,New South Wales,Australia,Masters in Public Health,39400.0,AUD
Nova Southeastern University,Florida,United States,Masters in Public Health,27132.0,USD
The University of Texas at El Paso,Texas,United States,Masters in Public Health,,USD
Auckland University of Technology,Auckland,New Zealand,MPH in Public Health,40300.0,NZ
"University of Nevada, Reno",Nevada,United States,Masters in Public Health,27216.0,USD
National University,California,United States,Masters in Public Health,,USD
Virginia Commonwealth University,Virginia,United States,Masters in Public Health,34448.0,USD
Louisiana Tech University,Louisiana,United States,Masters in Public Health,,USD
Sacred Heart University,Connecticut,United States,Masters in Public Health,25200.0,USD
Queen Mary University of London,London,United Kingdom,MSc in Global Public Health and Policy,22900.0,GBP
Marshall University,West Virginia,United States,MPH in Public Health,24496.0,USD
Emory University,Georgia,United States,MPH in Global Health,60150.0,USD
Boise State University,Idaho,United States,MPH in Public Health-Health Management and Leadership Emphasis,28605.0,USD
The University of Western Australia,Western Australia,Australia,Masters in Public Health,40500.0,AUD
University of Birmingham,Birmingham,United Kingdom,Masters in Public Health,29340.0,GBP
Loyola University Chicago,Ohio,United States,Masters in Public Health,,USD
Griffith University,Queensland,Australia,Masters in Public Health,36000.0,AUD
Griffith University,Queensland,Australia,Masters in Global Public Health,18500.0,AUD
California Baptist University,California,United States,MPH in Public Health,20472.0,USD
The University of Southern Mississippi,Mississippi,United States,Masters in Public Health Administration,,USD
The University of Southern Mississippi,Mississippi,United States,Masters in Public Health,,USD
University of Tasmania,Tasmania,Australia,Masters in Public Health,35053.0,AUD
Lund University,Sk'ne l'n,Sweden,Masters in Public Health,200000.0,SEK
West Virginia University Institute of Technology,West Virginia,United States,Masters in Public Health,,USD
University of Bremen,Bremen,Germany,Masters in Public Health,,EUR
Tennessee Technological University,Tennessee,United States,Masters in Public Health,,USD
Saint Louis University,Missouri,United States,Masters in Public Health,31440.0,USD
University of Liverpool,Liverpool,United Kingdom,Masters in Public Health,26400.0,GBP
The University of Sheffield,Sheffield,United Kingdom,MPH in Public Health,27650.0,GBP
The University of Sheffield,Sheffield,United Kingdom,Masters in Public Health (Health Services Research),27650.0,GBP
University of Lethbridge,Alberta,Canada,MS in Health Sciences,13530.0,CAD
Georgia Southern University,Georgia,United States,Masters in Public Health,23205.0,USD
Newcastle University,Newcastle upon Tyne,United Kingdom,Masters in Public Health,28300.0,GBP
Newcastle University,Newcastle upon Tyne,United Kingdom,MSc in Global Public Health,28300.0,GBP
Newcastle University,Newcastle upon Tyne,United Kingdom,"MPhil in Public Health, Epidemiology and Health Services",27300.0,GBP
Columbus State University,Georgia,United States,MPH in  Public Health,17157.0,USD
"Victoria University, Melbourne",Victoria,Australia,Masters in Public Health,31000.0,AUD
Western Sydney University,New South Wales,Australia,Masters in Public Health,30080.0,AUD
University of North Dakota,North Dakota,United States,Masters in Public Health,27636.0,USD
Marquette University,Wisconsin,United States,Masters in Public Health,,USD
University of Tennessee at Chattanooga,Tennessee,United States,MPH in Public Health,888.0,USD
Florida Agricultural and Mechanical University,Florida,United States,Masters in Public Health,25550.0,USD
Hofstra University,New York,United States,MPH in Public Health,34944.0,USD
"James Cook University, Townsville",Queensland,Australia,Masters in Public Health,37960.0,AUD
University of Southampton,Southampton,United Kingdom,MSc in Public Health,28900.0,GBP
Central Queensland University,Queensland,Australia,MPH in Public Health,30720.0,AUD
Central Queensland University,Queensland,Australia,Masters in Public Health,15360.0,AUD
University of Hawaii at Manoa,Hawaii,United States,Masters in Public Health,,USD
East Carolina University,North Carolina,United States,MPH in Public Health,23057.0,USD
St. John's University,New York,United States,MPH in Public Health,,USD
Flinders University,South Australia,Australia,Masters in Health and International Development,37500.0,AUD
Flinders University,South Australia,Australia,MPH in Public Health,35900.0,AUD
Edith Cowan University,Western Australia,Australia,Masters in Public Health,36850.0,AUD
Montclair State University,New Jersey,United States,MPH in Public Health - Community Health Education,17451.0,USD
Claremont Graduate University,California,United States,Masters in Public Health,48480.0,USD
University of Newcastle,New South Wales,Australia,Masters in Public Health,37555.0,AUD
Youngstown State University,Ohio,United States,Masters in Public Health,24780.0,USD
University of North Florida,Florida,United States,Masters in Public Health,,USD
"City, University of London",London,United Kingdom,Masters in Public Health,15500.0,GBP
University of Nottingham,Nottingham,United Kingdom,MPH in Public Health (Global Health),25250.0,GBP
University of Nottingham,Nottingham,United Kingdom,Masters in Public Health,25250.0,GBP
Western Kentucky University,Kentucky,United States,Masters in Public Health,,USD
East Tennessee State University,Tennessee,United States,MPH in Public Health,30939.0,USD
Charles Darwin University,Northern Territory,Australia,Masters in Public Health/Health Research,29520.0,AUD
Charles Darwin University,Northern Territory,Australia,MPH in Public Health,29520.0,AUD
"Georgia Southern University, Armstrong Campus Savannah",Georgia,United States,Masters in Public Health,,USD
Brunel University,London,United Kingdom,MSc in Public Health and Health Promotion,23615.0,GBP
Tulane University,New York,United States,Masters in Public Health,,USD
University of Bristol,Bristol,United Kingdom,MSc in Public Health,24900.0,GBP
Sam Houston State University,Texas,United States,Masters in Public Health,,USD
Keio University,Tokyo,Japan,Masters in Public Health,,JP
Queen's University Belfast,Belfast,United Kingdom,MPH in Global Health,19100.0,GBP
Queen's University Belfast,Belfast,United Kingdom,MPH in Public Health,19100.0,GBP
University of York,York,United Kingdom,Masters in Public Health,23900.0,GBP
University of Exeter,Devon,United Kingdom,MPH in Public Health,27500.0,GBP
University of Exeter,Devon,United Kingdom,MSc  in Health Data Science,23000.0,GBP
"City University Of New York, Lehman College",New York,United States,Masters in Public Health,,USD
Oxford Brookes University,Oxfordshire,United Kingdom,MPH in Public Health,16950.0,GBP
James Madison University,Virginia,United States,Masters in Public Health,,USD
Aston University,Birmingham,United Kingdom,Masters in Public Health,22750.0,GBP
Stockholm University,Stockholms l'n,Sweden,Masters in Public Health Sciences: Societal Perspectives on Public Health,121500.0,SEK
Stockholm University,Stockholms l'n,Sweden,MS in public health sciences: individual perspectives,121500.0,SEK
Carolina University,North Carolina,United States,MS in Public Health,14400.0,USD
Eastern Washington University,Washington,United States,Masters in Public Health,,USD
University of Essex,Essex,United Kingdom,MSc in Global Public Health,21700.0,GBP
University of Essex,Essex,United Kingdom,MSc By Dissertation in Public Health,8525.0,GBP
Federation University Australia,Victoria,Australia,Masters in Public Health,23000.0,AUD
University of Canberra,Australian Capital Territory,Australia,Masters in Public Health,33000.0,AUD
University of Tsukuba,Ibaraki,Japan,Masters in Public Health,,JP
University of West Florida,Florida,United States,Graduate certificate in Health Leadership Communication,6222.0,USD
University of Montana,Montana,United States,Masters in Public Health,33102.0,USD
Teesside University,Darlington,United Kingdom,MSc in Specialist Community Public Health Nursing (Health Visiting),15000.0,GBP
Teesside University,Darlington,United Kingdom,MPH in  Public Health (Applied),10000.0,GBP
Teesside University,Darlington,United Kingdom,MSc in Specialist Community Public Health Nursing (School Nursing),15000.0,GBP
Teesside University,Darlington,United Kingdom,Masters in  Public Health,15000.0,GBP
Coventry University,Coventry,United Kingdom,MSc in Public Health Nutrition,18600.0,GBP
University of Sussex,East Sussex,United Kingdom,MSc in Public Health,21500.0,GBP
University of Aberdeen,Aberdeen City,United Kingdom,MSc in Global Health and Management,23800.0,GBP
University of Aberdeen,Aberdeen City,United Kingdom,MPH in Public Health,25100.0,GBP
Jackson State University,Mississippi,United States,MPH in Public Health,21600.0,USD
Southern Connecticut State University,Connecticut,United States,MPH in Public Health: Executive Management And Leadership,24213.0,USD
Southern Connecticut State University,Connecticut,United States,MPH in Public Health: Health Promotion,27672.0,USD
East Stroudsburg University,Pennsylvania,United States,MPH in Public Health,17157.0,USD
Birmingham City University,Birmingham,United Kingdom,Masters in  Public Health,17710.0,GBP
"MCPHS University, Boston",Massachusetts,United States,MPH in Public Health,28980.0,USD
University of Indianapolis,Indiana,United States,Masters in Public Health,,USD
University of East London,London,United Kingdom,MSc in Public Health,15240.0,GBP
University of Hertfordshire,Hertfordshire,United Kingdom,MSc in Advanced Physiotherapy,14750.0,GBP
Sonoma State University,California,United States,Masters in Public Health,,USD
La Salle University,Pennsylvania,United States,MPH in Public Health,22320.0,USD
Morgan State University,Maryland,United States,Masters in Public Health,,USD
University of Westminster,London,United Kingdom,MSc in Integrative Health and Wellbeing,15000.0,GBP
University of Westminster,London,United Kingdom,MSc in Global Public Health Nutrition,14000.0,GBP
University of Dundee,Dundee City,United Kingdom,Masters in Public Health,21900.0,GBP
University of Greenwich,London,United Kingdom,MSc in Global Public Health,16300.0,GBP
"Massachusetts College of Pharmacy and Health Science, Boston Campus",Massachusetts,United States,Masters in Public Health,28980.0,USD
Australian Catholic University,New South Wales,Australia,Masters in Public Health (Global Health and Advocacy),25320.0,AUD
Australian Catholic University,New South Wales,Australia,Masters in Public Health,12660.0,AUD
University of Huddersfield,York,United Kingdom,Masters in Public Health (Global) Advanced Practitioner,17000.0,GBP
University of Huddersfield,York,United Kingdom,Masters in Public Health,18700.0,GBP
"Torrens University Australia, Adelaide",South Australia,Australia,Masters in Business Administration and Public Health,24250.0,AUD
"Torrens University Australia, Adelaide",South Australia,Australia,Masters in Public Health (Advanced),25200.0,AUD
"Torrens University Australia, Adelaide",South Australia,Australia,Masters in Public Health,25200.0,AUD
Anglia Ruskin University,London,United Kingdom,MPH in Global Public Health,15000.0,GBP
Anglia Ruskin University,London,United Kingdom,MSc in Public Health and Community Wellbeing,15900.0,GBP
University of Copenhagen,Copenhagen,Denmark,MS in Global Health,125000.0,USD
University of Southern Maine,Maine,United States,MPH in Public Health,17033.0,USD
"Nottingham Trent University, Clifton Campus",Nottingham,United Kingdom,MA in Public Health,16500.0,GBP
New York Medical College,New York,United States,Masters in Public Health,28290.0,USD
Bangor University,Gwynedd,United Kingdom,MPhil in Health Economics,19500.0,GBP
Bangor University,Gwynedd,United Kingdom,MSc in  Public Health and Health Promotion,18000.0,GBP
Cardiff Metropolitan University,Wales,United Kingdom,MSc in Applied Public Health,17600.0,GBP
Cardiff Metropolitan University,Wales,United Kingdom,MSc in Applied Public Health,15968.0,GBP
"Northumbria University, Newcastle",Newcastle upon Tyne,United Kingdom,Masters in  Public Health,17500.0,GBP
"Northumbria University, Newcastle",Newcastle upon Tyne,United Kingdom,Masters in  Public Health (Nutrition),17500.0,GBP
Karolinska Institute,Stockholms l'n,Sweden,Masters in Public Health,180000.0,SEK
Karolinska Institute,Stockholms l'n,Sweden,MS in Erasmus Mundus Master Programme in Public Health in Disasters,18000.0,SEK
City University of New York,New York,United States,MPH in Public Health Nutrition,22613.0,USD
University of Bradford,Bradford,United Kingdom,Masters in Public Health,20468.0,GBP
Umea University,V'sterbottens l'n,Sweden,Masters in Public Health,148400.0,SEK
Monroe College,New York,United States,Masters in Public Health,20678.0,USD
Leeds Beckett University,Leeds,United Kingdom,MSc in Health and Safety,16000.0,GBP
Leeds Beckett University,Leeds,United Kingdom,MSc in Public Health - Health Promotion,16000.0,GBP
Thomas Jefferson University,Pennsylvania,United States,MPH in Public Health,26168.0,USD
University of Central Lancashire,Lancashire,United Kingdom,MSc in Applied Public Health,16900.0,GBP
University of Central Lancashire,Lancashire,United Kingdom,MSc in Applied Public Health,14500.0,GBP
Icahn School of Medicine at Mount Sinai,New York,United States,Masters in Public Health,31500.0,USD
Sheffield Hallam University,Sheffield,United Kingdom,MSc in Public Health,10923.0,GBP
University of Salford,Salford,United Kingdom,MSc in Public Health,16380.0,GBP
University of Bedfordshire,Buckinghamshire,United Kingdom,MSc in Public Health,15600.0,GBP
Saginaw Valley State University,Michigan,United States,MPH in Public Health,18510.0,USD
University of Wolverhampton,Wolverhampton,United Kingdom,Masters in Public Health,15450.0,GBP
Staffordshire University,Stoke-on-Trent,United Kingdom,MSc in Health Psychology,,GBP
University of South Wales,Wales,United Kingdom,MSc in Specialist Community Public Health Nursing (Health Visiting),14700.0,GBP
University of South Wales,Wales,United Kingdom,MSc in  Public Health,15100.0,GBP
University of Bordeaux,Nouvelle-Aquitaine,France,MPH in Public Health Data Science,3770.0,EUR
University of Gothenburg,V'stra G'talands l'n,Sweden,Masters in Public Health Science,155000.0,SEK
University of Chester,Warrington,United Kingdom,MPH in Public Health,14250.0,GBP
University of Chester,Warrington,United Kingdom,MSc in Public Health Nutrition,14250.0,GBP
Robert Gordon University,Aberdeen City,United Kingdom,MSc in Public Health and Health Promotion,13815.0,GBP
Robert Gordon University,Aberdeen City,United Kingdom,MSc in Public Health Nutrition,12850.0,GBP
Bournemouth University,Bournemouth,United Kingdom,MSc in  Public Health,15250.0,GBP
University of Derby,Derby,United Kingdom,MPH in Public Health,14900.0,GBP
University of Brighton,Brighton and Hove,United Kingdom,MSc in Public Health,19920.0,GBP
Ulster University,Coleraine,United Kingdom,MSc in Health Promotion and Public Health,17090.0,GBP
Edge Hill University,Lancashire,United Kingdom,MSc in Public Health Nutrition,13750.0,GBP
Liverpool John Moores University,Liverpool,United Kingdom,MSc in International Public Health,16900.0,GBP
Liverpool John Moores University,Liverpool,United Kingdom,MSc in Public Health Addictions,16900.0,GBP
Liverpool John Moores University,Liverpool,United Kingdom,MSc in Public Health,16900.0,GBP
University of the West of Scotland,London,United Kingdom,MPH in Public Health,17250.0,GBP
University of West London,London,United Kingdom,MSc in Public Health,14750.0,GBP
University of West London,London,United Kingdom,MSc in Psychology of Health and Illness,13750.0,GBP
Glasgow Caledonian University,Glasgow City,United Kingdom,MPH in Public Health,15539.0,GBP
Campbell University,North Carolina,United States,MS in Public Health,20790.0,USD
"St George’s, University of London",London,United Kingdom,MSc in Global Health and Humanities,25200.0,GBP
"University of Colorado, Anschutz Medical",Colorado,United States,Masters in Public Health,29820.0,USD
London Metropolitan University,London,United Kingdom,MSc in Public Health,16500.0,GBP
London Metropolitan University,London,United Kingdom,MSc in Public Health,16225.0,GBP
University of the West of England,Bristol,United Kingdom,MSc in Public Health,15500.0,GBP
Université Paris Cité,Paris,France,MS in Public Health,,EUR
Canterbury Christ Church University,Kent,United Kingdom,MSc in Global Public Health,14500.0,GBP
Canterbury Christ Church University,Kent,United Kingdom,MSc in Public Health,13365.0,GBP
University of Sunderland,Sunderland,United Kingdom,MSc in Public Health (London),13750.0,GBP
University of Sunderland,Sunderland,United Kingdom,MSc in Public Health,15900.0,GBP
Brighton and Sussex Medical School,Brighton and Hove,United Kingdom,Msc in Public Health,15012.0,GBP
Liberty University,Virginia,United States,MPH in Master of Public Health – Global Health,9156.0,USD
Liberty University,Virginia,United States,MPH in Public Health,11445.0,USD
Norwegian University of Science and Technology,Trondheim,Norway,MS in Global Health,,
"University of Southern Denmark, Esbjerg",Esbjerg,Denmark,MPH in Public Health,10200.0,USD
University of Texas Health Science Center at Houston,Houston,United States,MS in Public Health,,USD
Aix-Marseille University,Marseille,France,MPH in Public Health,2029.0,EUR
University of Northampton,Northamptonshire,United Kingdom,MSc in Public Health,15000.0,GBP
Augusta University,Georgia,United States,Masters in Public Health,25470.0,USD
University of Oslo,Oslo,Norway,MS in International Community Health,,
UiT The Arctic University of Norway,Troms,Norway,MS in Public Health,,
University of Eastern Finland,Finnmark,Norway,MPH in Public Health,10000.0,
Mälardalen University,Västerås,Sweden,MS in Public Health within Health and Social Welfare,135000.0,SEK
The University of North Texas Health Science Center at Fort Worth,Texas,United States,Masters in Public Health,15984.0,USD
SUNY Downstate Health Sciences University,New York,United States,MPH in Public Health,20811.0,USD
New England Institute of Technology,Rhode Island,United States,MS in Public Health,19688.0,USD
Arcadia University,Pennsylvania,United States,MPH in Public Health,17115.0,USD
Eastern Kentucky University,Kentucky,United States,MPH in Public Health - Environmental/Occupational Health & Sustainability,15750.0,USD
Hawaii Pacific University,Hawaii,United States,MPH in Public Health,22230.0,USD
EHESP,Rennes,France,MS in Public Health,8000.0,EUR
London School of Hygiene & Tropical Medicine,London,United Kingdom,MSc in Public Health,28540.0,GBP
Royal Tropical Institute,Amsterdam,Netherlands,MS in Public Health,18250.0,EUR
